views,likes,media,comments,url,caption
na,250k,image,"1,005",https://www.instagram.com/p/Bfv5GjAj2OP/?taken-by=apple,â€œSaltwater Rodeo.â€ #ShotoniPhone by Beau J. @beaujohnstonimagery
na,183k,image,663,https://www.instagram.com/p/Bf1BUsOjItm/?taken-by=apple,"""Berlin from under the wing.â€ #ShotoniPhone by Magda L. @mgdpics"
na,201k,image,759,https://www.instagram.com/p/Bf6DmHsjCyD/?taken-by=apple,â€œAnd nature always wins.â€ #ShotoniPhone by Alisa G. @el_cuento
na,125k,image,531,https://www.instagram.com/p/Bf_UYEfD7m5/?taken-by=apple,â€œCandy cane umbrellas to a soft Italian soundtrack.â€ #ShotoniPhone by Behnaz K. @behnazk
172k,na,video,274,https://www.instagram.com/p/BgB41yCDBAr/?taken-by=apple,"Community Brief 11: Volume Up
Capture your imagination, soundtrack provided. 
Tag #TheVolumeUpSeries + #ShotoniPhone
Photos & videos accepted.
Music: â€œWOMAN'S WORLDâ€ by @_OKENYO_
Lyrics: Wear my suit
Wear my hat on frontways
The back professes some slogan sayin' companies that really own me
Wear my tie right up to the neck
Exhaling excellence
Peace out, I'm la-de-da, blah blah to the executives
I'm a very busy woman with a lot on my plate
So you better eat it up before I take it away
It's a woman's world"
na,94.9k,image,293,https://www.instagram.com/p/BgDSeSfDHWW/?taken-by=apple,"#ShotoniPhone with support by Apple.
-
1. Alina V. @alinavalitova ""Why, sometimes I've believed as many as six impossible things before breakfast."" - Lewis Carroll
-
2. Semmi D. @_semmi_djabrail_ ""I donâ€™t feel different or limited in my abilities, and thatâ€™s how I want everyone in a similar situation to feel. This is my goal.""
-
3. Masha V. @editor_vorslav ""Look at makeup as an accessory, not a necessity.""
-
4. Igor G. @gavarigor ""Beauty is beyond looking ""young"" or ""old"", it is not defined by the number of wrinkles you have.""
-
5. Sergei S. @sarakhanov ""Children are not the key to unraveling the universe, but they inspire you to be a better person because they repeat your every move and action."""
na,113k,image,435,https://www.instagram.com/p/BgEr_TVj_e9/?taken-by=apple,"â€œInternational Womenâ€™s Day provides us a platform to express ourselves, cheer each other on, and honor our ancestors who paved the way.â€ #ShotoniPhone by Jesse C.M. @jessechamberlinmarble"
na,139k,image,443,https://www.instagram.com/p/BgJmRyxDOpv/?taken-by=apple,"â€œYes, Chicago.â€ #ShotoniPhone by Ingrid N. @ingridnohlsson"
na,167k,image,"1,059",https://www.instagram.com/p/BgMMQQ-DP1F/?taken-by=apple,â€œJust another day in Morocco.â€ #ShotoniPhone by Maly M. @maly.mann
na,148k,image,927,https://www.instagram.com/p/BgRIAMXjnUo/?taken-by=apple,â€œTraveling by train is a photographerâ€™s paradise. Absolutely no shortage of new subjects and situations.â€ #ShotoniPhone by Dina A. @dinalf
na,92.3k,image,466,https://www.instagram.com/p/BgRxTqMjIpV/?taken-by=apple,"â€œI also take photos without my son in them, theyâ€™re just never as good.â€ #ShotoniPhone by Katie K. @katiekronbauer"
na,127k,image,348,https://www.instagram.com/p/BgY80IjjO7Q/?taken-by=apple,â€œIâ€™ve dreamed my entire life of seeing icebergs in Antarctica. It was worth it.â€ #ShotoniPhone by Esther H. @estherhavens
na,130k,image,464,https://www.instagram.com/p/BfD-UVYDx1j/?taken-by=apple,"â€œAt first, I barely noticed these horses standing there in the fog. We ended up talking for hours.â€ #ShotoniPhone by Javier M. @javiermillan_bw"
188k,na,video,328,https://www.instagram.com/p/BfG3n8vj1KX/?taken-by=apple,"Community Brief 10: Self
So good to see you.
Tag #TheSelfSeries + #ShotoniPhone
Weâ€™ll post favorites next week.
Photos & videos accepted.
Music: â€œSay U Wonâ€™tâ€ by @brasstracks"
na,97.3k,image,624,https://www.instagram.com/p/BfJiBPbj6Sf/?taken-by=apple,"Commissioned by Apple. â€œThere is no bigger stage for color, texture, and movement than Carnaval in Brazil. As a visuals addict, this is my playground.â€ #ShotoniPhone by Camila C. @camilacornelsen
Music:Â â€œProfane [@CRTRCKS remix] â€œ by @blocotaradonivoce"
275k,na,video,399,https://www.instagram.com/p/BfL1IoVAGIE/?taken-by=apple,"Collection: Together
Things go better with you. ğŸ‘¥ #ShotoniPhone byâ€¦
Savadmon A. @aasavad, Misty L. @bear_and_pony, Kirsten M. @neverforgetthosedays, AndrÃ©s C. @_andrescedillo, Facundo M. @donmarqvez, Fabricio G. @capsulauy, Gianni A. @gianniaugello, Rieko M. @reekaba, Febi H. @cumajepret, Sandro P. @ora_and_me, Carlos V. @carfevi, Shephali S. @stumbledacross, Manuel C. @ngtv.space, Erin B. @erinrbrooks, Katharina N. @099_augenblicke, Brittany D. @beextraphotogenic, Noel B. @imoments, Sanket R. @isanketreddy, Liz G. @liz.gregg, Hashim N. @hashimnauman, Adriana C. @pingoeninadalmatians, Sesh S. @luminousdiary, Nicholl G. @nicholleylon, Benjamin L. @ohitsbenji, Ryosuke S @izu_p, Kobi R. @kobi_refaeli, and Daniele F. @link_3
Music: â€œBirds of a Feather, We Rock Togetherâ€ by @vulfpeck"
na,139k,image,904,https://www.instagram.com/p/BfNy9wzAgSa/?taken-by=apple,"A color of celebration, #ShotoniPhone byâ€¦
(in order of appearance) Yangyi V.L. @vivian_fabulous, Jirasak P. @milo_b2015, Mary Joy G. @mjganitano, Jirasak P. @joez19, Yafiq Y. @_yafiqyusman_, Jeremy V. @jeremyveach, Shazrina S. @moksva, Ã–zgÃ¼r B.Â @ozgurbilge, Athipan W. @awnoom, Daniel D. @danindub, TomÃ¡s L. @tomles, Qian L. @imclumsypanda, Anmol B. @elusiveanmol, Mayank M. @defiiantt, JoselitoÂ G. @green.surfer, Jeryl T. @j9ryl, Eric C. @ericube23, Deep B. @deep.j.bhuyan
Music: â€œFlame Fightersâ€ by @howieleeofficial
-
2. Mayank M. @defiiantt
-
3. Yangyi V.L. @vivian_fabulous
-
4. Jirasak P. @joez19
-
5. Joselito G. @green.surfer
-
6. Athipan W. @awnoom
-
7. Yafiq Y. @_yafiqyusman_
-
8. Shazrina S. @moksva
-
9. Matt K. @mattkeil"
409k,na,video,"2,020",https://www.instagram.com/p/BfTW27Ijy1n/?taken-by=apple,"The street cats of Istanbul. Owned by no one, yet loved by everyone. ğŸ‡¹ğŸ‡·â¤ï¸ğŸ˜¸#ShotoniPhone by... (in order of appearance) Takae S. @tapistanbul, Ã‡aÄŸan I. @caganirmak1,Â Giuseppe P. @pinuz_87, Mehmet K. @civilking, UÄŸur Ã‡. @celik.uqur, GÃ¼neÅŸ Ã–. @gunesozgec, Roman L. @menefren, Jekaterina I. @goldmanni,Â Tuse T. @yerlerkaymiyor, Adhisa G.Â @wildberrychild,Â Hilal G. @hilalgin,Â Ã–rgÃ¼t Ã‡. @orgutcayli,Â UÄŸur A. @iamuguraslan. 
Music: ""Rest in Space"" by @islandman_"
na,144k,image,919,https://www.instagram.com/p/BfYlItYjId1/?taken-by=apple,"""I recently moved to Kenya, where an office encounter such as this is not so unusual anymore.â€ #ShotoniPhone by Joost B. @joostbastmeijer"
270k,na,video,363,https://www.instagram.com/p/BfcnisVjI0v/?taken-by=apple,â€œCatching Corners.â€ #ShotoniPhone by Yevgeny I. @aerohockey
na,93.7k,image,"1,018",https://www.instagram.com/p/Bfd3pm0jMln/?taken-by=apple,"Showcase 10: #TheSelfSeries 
Swipe for favorites from last weekâ€™s Community Brief. #ShotoniPhone
-
1. Jardel F. @jardelfontenelle
-
2. Fernando G. @felicioangelx
-
3. Romaric L. @romdilon
-
4. Chris B. @chris_iphone
-
5. Ziaul H.O. @ziaulhaqueoisharjh
-
6. Raj S.A. @rajsingharora
-
7. Nikita S. @lanqon
-
8. Nasser A.N. @nasser01
-
9. Laura Z. @laurazazanis"
na,196k,image,804,https://www.instagram.com/p/BfghE9oDqRQ/?taken-by=apple,"â€œThe L and its elevated tracks through downtown Chicago, an iconic part of the city.â€ #ShotoniPhone by Andres M. @_amphoto"
na,142k,image,799,https://www.instagram.com/p/BfkfkZYjlrY/?taken-by=apple,â€œPhotographing the countryside takes me back to my roots. Each shot recreates a memory from my childhood.â€ ğŸ® ğŸŒ±ğŸ‘©â€ğŸŒ¾ #ShotoniPhone by Laurent D. @loxilaux
na,171k,image,615,https://www.instagram.com/p/BfrDgfLjDBd/?taken-by=apple,"â€œSurrounded by ice, this man kept us safe.â€ #ShotoniPhone by Stefanie N. @regentanz.s"
na,170k,image,968,https://www.instagram.com/p/BeMlqKnj8MY/?taken-by=apple,â€œSo do I.â€ #ShotoniPhone by Ayanna L.G. @yanster3
na,210k,image,971,https://www.instagram.com/p/BeQzlqoDXo-/?taken-by=apple,â€œBlending in.â€ #ShotoniPhone by Yelitza R. @whatwordsmiss
232k,na,video,473,https://www.instagram.com/p/BeVwKwfD2rP/?taken-by=apple,"Community Brief 09: Black and White 
See beyond color.
Tag #TheBlackandWhiteSeries + #ShotoniPhone
Weâ€™ll post favorites next week.
Photos & videos accepted.
Music: â€œReset Yourselfâ€ by @b3naqua"
na,193k,image,820,https://www.instagram.com/p/BebAKVxjSGY/?taken-by=apple,â€œBut then came the calm.â€ #ShotoniPhone by Douglas L. @lopesdoug
na,191k,image,988,https://www.instagram.com/p/BegSKo3Anqf/?taken-by=apple,â€œI will never forget this moment.â€ #ShotoniPhone by Brock S. @mrbrock21
na,175k,image,877,https://www.instagram.com/p/BenqHm6Dz-N/?taken-by=apple,"Commissioned by Apple. â€œIt was incredible to watch my iPhone paint the landscape like a roller brush from 20,000 feet.â€ #ShotoniPhone by Vincent L. @vincentlaforet 
See our Story for more."
na,105k,image,675,https://www.instagram.com/p/Bes6C0jj2O2/?taken-by=apple,"Showcase 09: #TheBlackandWhiteSeries 
Swipe for favorites from last weekâ€™s Community Brief. #ShotoniPhone
-
1. Pierre V. @pierrevuillermin
-
2. Huan Z. @huanzheng1119
-
3. Harry E. @harrywedmonds
-
4. Paolo T. @paolotarray
-
5. Omkar G. @omkaar_giri
-
6. Christian M. @chrmorfeus
-
7. Riccardo F. @riccardo049
-
8. Jenny R. @jenannro
-
9. Scott P. @scottpattullo
-
10. Sait D.E. + Galip S. @sdetiler + @galipsalt"
na,139k,image,351,https://www.instagram.com/p/BeylohIjNQn/?taken-by=apple,"â€œYou could maybe call this one, â€˜Look Downâ€™? I donâ€™t knowâ€¦ Iâ€™m so bad at this.â€ #ShotoniPhone by Kingsley W. @mrkingsley.w"
na,127k,image,822,https://www.instagram.com/p/Be0cf9Xjl6-/?taken-by=apple,â€œDesert ships.â€ #ShotoniPhone by Rashed A. @irashedc
na,185k,image,627,https://www.instagram.com/p/Be3WcJDjP7M/?taken-by=apple,"â€œItâ€™s pretty funny to see a Zamboni out on the road, heading to an outdoor rink. Just be sure to yield.â€ #ShotoniPhone by Carrie S. @carrieservos"
408k,na,video,717,https://www.instagram.com/p/Be8R7eAj4cR/?taken-by=apple,"Collection: Snow
Frosty flicks from frozen fingers. 
Cold snaps, #ShotoniPhone byâ€¦Damian M. @damianmccoig, Aaron B. @aaronburden, Erin P. @e_to_the_lynn, Anastasia D. @_dinka78_, Andrew P. @andrewjeweleye, Leonid K. @browsesouse, Alex M. @maniacfive, Miroslav D. @mirik007, Jeffrey G. @jeffgoodman1, Jade L. @photo_queen_14, Oleg A. @oleg_avilov, Olga M. @lillinek, Olga M. @o.mertvyansky, Ashley M. @ashleymilardo, Jessica G. @guatneyproblems, Annette G. @ahg, Jean-Pierre L. @johnnylash, Barbie L. @cry004, HervÃ© B. @abracadagram, JÃ¸rgen C. @uniwave, Claire L. @thesoundofwhite, Claire S. @clairesuni, Alexander S. @swmstrlx, Chris D. @meetthemountains, Nazar S. @n_a_z_a_r_i_u_s, Anar G. @anar_92, James B. @thepixel_photography, Lika D. @lika_dzhumova, Ozgur S. @ozgursoyuer, 
Genny B. @gennybarioni, Daria B. @dariasaviour, Arseniy B. @nardoswiss, Cha L. @c_lrz, Tobi J. @tobi.el.diablo, Yukari N. @solfa1211, Crystal D. @crystalll_lynnn, Kira P. @kcp732, Vegar H. @vegarhosthost, Adam K. @adamkataoka, Yukari N. @solfa1211, Mehmet K. @thewood_man, Bartek S. @bartstefaniak, KryÅ¡tof B. @krystof_bobek, Ali Kahn M. @mali_21487, Mario M. @marsattacks17, Nina F. @ninafontcuberta, Rick W. @rick.walder, Simon R. @saimonro, Cristian K. @cristiankiesling, Matt J. @mattyjacobs2, Umar I. @umarislam, Dave K. @davexd286, Osamu T. @wagtail__, Diana T. @gowanderbaby, Alex R. @moyen1, Rob E. @rob_erne, Koichi M. @koichi1717, Sami R. @54m1, Giuseppe A. @giuseppe.alessandro81, Hannes W. @hannes_wittmann, Sebastian Z. @szisme, Davide C. @calderooney, Wouter B. @wbakhuis, Robert G. @el_robertooo, Jordan C. + Stacie F. @jordan.cramer + @stacedoe, Lynne D. @red_comet_lynne, Beth F. @beefrench99, Mayk A. @mayk_alberto, Carolina L. @carolinalabrana, Monika H. @monca._.photo
Music: â€œNovemberâ€ by Colleen"
na,141k,image,518,https://www.instagram.com/p/BfCDZ1lDyL-/?taken-by=apple,â€œI think my sonâ€™s yellow raincoat is exactly what this wall needed.â€ #ShotoniPhone by Shazrina S. @moksva
na,171k,image,"2,596",https://www.instagram.com/p/BdQgUjkDyOi/?taken-by=apple,"â€œWhen you see a moment of pure elation in a location such as this, you have to capture it.â€ #ShotoniPhone by Brian C. @briancason"
na,173k,image,799,https://www.instagram.com/p/BdahrHqj9iI/?taken-by=apple,"""Five days of camping and soaking in hot springs, just my dog and I.â€ #ShotoniPhone by Kate R. @katerentz"
213k,na,video,299,https://www.instagram.com/p/Bdhjf0Cj78s/?taken-by=apple,"Community Brief 08: Dawn 
Rise and shine. You can always nap later.
Tag #TheDawnSeries + #ShotoniPhone 
Weâ€™ll post favorites next week.
Photos & videos accepted. 
Music: ""Fault"" by @primary_ultra"
na,160k,image,739,https://www.instagram.com/p/BdkwzW8jZpq/?taken-by=apple,â€œPerfect mornings are such a rare thing.â€ #ShotoniPhone by Anne Ã˜. @anneoesterby
na,140k,image,654,https://www.instagram.com/p/Bdqn5jCjhcW/?taken-by=apple,"A walk through Seoul, #ShotoniPhone byâ€¦(in order of appearanceâ€¦) Cheehyuck I. @ihnstaphoto, Se Min K. @awesomeplanb, Hyeongjun K. @motonari, Young Soo H. @dd.ing.ff, Youngtae K. @ascalonpictures, Denise H. @abiguul, Kyuhyung K. @strang2r, Aries L. @arieslukman, Hyeong Jun K. @jjunkim, LiangYun S. @jessica_sly, Nelson L. @ngl312, Kent D. @kent.dufault, Eugene T. @eugenetham
Music: â€œHot and Coldâ€ by @sunwoojunga
-
2. Sunhee H. @hamidentto
-
3. Robert K. @rjkoehler74
-
4. Wu X. @zigzaghs
-
5. Hyeongjun K. @motonari
-
6. Mark T. @markxhj
-
7. Dongwon J. @hello_dongwon
-
8. Charles C. @cuppacaffine
-
9. Cheehyuck I. @ihnstaphoto"
na,114k,image,418,https://www.instagram.com/p/BdsfaaDDu3o/?taken-by=apple,â€œLâ€™homme et la mer.â€ #ShotoniPhone by Nicolas P. @prosperfun
na,101k,image,453,https://www.instagram.com/p/BdxpALSjFMI/?taken-by=apple,"""I do believe in vibes."" #ShotoniPhone by Nana Y.O. @the.vintage.mason"
na,79.4k,image,387,https://www.instagram.com/p/Bd3JuSYjNEe/?taken-by=apple,"Showcase 08: #TheDawnSeries 
Swipe for favorites from last weekâ€™s Community Brief. #ShotoniPhone
-
1. Aakash P. @click_india99
-
2. Marco C. @el_siani
-
3. Cheehyuck I. @ihnstaphoto
-
4. Mikhail P. @mpozharitsky
-
5. Vinicius A. @viniciusrnt
-
6. Manuel D. @mdphotographi
-
7.  Francisca S. @fsonn
-
8. Jardel F. @jardelfontenelle
-
9. Kim C. @cayenneiam"
345k,na,video,555,https://www.instagram.com/p/Bd5bW0YD4iQ/?taken-by=apple,â€œI have been visiting Kenya for a decade now and the Maasai tribe has my heart.â€ #ShotoniPhone with support from Apple by Ashish P. @ashishjparmar
na,208k,image,916,https://www.instagram.com/p/BeBHL16DgNt/?taken-by=apple,"â€œIt took 3 days of driving to cross the desert, but I was met by one of the most beautiful sunsets Iâ€™ve ever seen.â€ #ShotoniPhone by Michael T. @mtalbot8"
na,142k,image,674,https://www.instagram.com/p/BeDviwSjmFz/?taken-by=apple,"""Seeing the world from above allows us to shift our perspectives in how we see one another."" #ShotoniPhone by Ben L. @blebovitz"
na,93.6k,image,337,https://www.instagram.com/p/BeJxoHtDJJP/?taken-by=apple,â€œThe night is still young.â€ #ShotoniPhone by Jun C. @weichuin
316k,na,video,459,https://www.instagram.com/p/Bca2TS9jCRC/?taken-by=apple,"â€œIâ€™ll often point out these colorful things to whoever Iâ€™m with but they usually just think that Iâ€™m weird.â€ #ShotoniPhone by Kate Z. @hello_spectrum
Music: â€œHidden in the Chipsâ€ by @lullatone"
na,107k,image,487,https://www.instagram.com/p/BciMQ5Nju9n/?taken-by=apple,â€œI was thinking about those old film noir movies when the situation just presented itself.â€ #ShotoniPhone by Arnout V. @arnoutverheij
na,130k,image,560,https://www.instagram.com/p/Bcnq0t-Dbn_/?taken-by=apple,â€œIt was so quiet and peaceful. The only sound was that of stones rolling down the hillside with every step.â€ #ShotoniPhone by Alex G. @gustavssonalex
255k,na,video,344,https://www.instagram.com/p/Bcps0B1j-GJ/?taken-by=apple,"Community Brief 07: 2017
That one shot you secretly canâ€™t believe is yours.
Tag #The2017Series + #ShotoniPhone 
Weâ€™ll post favorites next week.
Photos & videos welcome.
Music: ""Sound Sharp"" by Ill Mondo"
na,159k,image,588,https://www.instagram.com/p/BcvBq7kjjIa/?taken-by=apple,â€œThereâ€™s nothing better than when you finally get to see something with your own eyes to believe it.â€ #ShotoniPhone by Gerardo S. @gess8
na,118k,image,983,https://www.instagram.com/p/Bc3Ci17j4CC/?taken-by=apple,â€œCatch of the day.â€ #ShotoniPhone by Prasad G. @gp_canon
308k,na,video,871,https://www.instagram.com/p/Bc-YWV1DLEF/?taken-by=apple,"â€œI love watching the sunset from my living room window and wanted to capture it all in one picture. So I took a total of 18 photos, one every 4 minutes or so, and spliced them all together.â€ #ShotoniPhone by Victor R. @victographics"
na,102k,image,686,https://www.instagram.com/p/BdBOqdXDZ4B/?taken-by=apple,"Showcase 07: #The2017Series 
Swipe for favorites from last weekâ€™s Community Brief. #ShotoniPhone
-
1. Showcase Video, in order of appearanceâ€¦
Viktar Z. @zaykovsky, William G. @willkhalifaman, Prince G. @princejyesi, Emiliano B. @emibellomo, Aly B. @alyfromuk2us, Zahra A. @zalshatrie, Gabriel B. @gabrielbouys, Fared N. @uniquenassir, Arnout V. @arnoutverheij, Jill E. @shineonyoucraydiamond, Sunny G. @skyzsun, Ivor L. @jawdoc2, Liu Q. @imclumsypanda, Jason D.L.T. @jago.nyc, Pavel K. @mosbiusdesignshasfailed, Tao Z. @ztpala, Andrea T. @andreatriani, Jin P. @ptoos, Cheehyuck I. @ihnstaphoto, Safuan Shah B. @ssbdn, Shant T. @eshantt, Gerardo S. @esteveight, Sebastian E. @sebastianeppler, Lucia M. @luciamdd520, Hamza G. @mogaj, John C. @itsadogslife5, Samee M. @noonwithmoon
Music: Campesinos by @quitapenasmusic
-
2. Sebastian E. @sebastianeppler
-
3. Pavel K. @mosbiusdesignshasfailed
-
4. John C. @itsadogslife5
-
5. Emiliano B. @emibellomo
-
6. Tao Z. @ztpala
-
7. Safuan Shah B. @ssbdn
-
8. Ivor L. @jawdoc2
-
9. Aly B. @alyfromuk2us"
na,192k,image,872,https://www.instagram.com/p/BdDk97lDJ6K/?taken-by=apple,"â€œThank you, Mother Nature.â€ #ShotoniPhone by Kazuki T. @kazukitang"
na,103k,image,452,https://www.instagram.com/p/BdGmD8qjZnQ/?taken-by=apple,â€œThe Tokyu Plaza Omotesando is such a famous place that finding a new perspective can be difficult. Here is a low-angle shot of my sister taking it all in.â€ #ShotoniPhone by Julina R. @julinarashid
na,129k,image,489,https://www.instagram.com/p/BdLEilcjMcr/?taken-by=apple,â€œSometimes I think we should just leave a tree up all year round.â€ #ShotoniPhone by Natalia C.E. @castellsita
na,174k,image,871,https://www.instagram.com/p/BdNib4oDeqe/?taken-by=apple,"â€œFinding myself with some free time while on a business trip to Dubai, I went straight to the beach where I met up with some locals.â€ #ShotoniPhone by Harry B. @hgbphotos"
na,124k,image,694,https://www.instagram.com/p/BbmnuO4jbKH/?taken-by=apple,â€œIâ€™m attracted to elements with character and the appearance of unusual existence.â€ #ShotoniPhone by Trevor H. @gangculture
na,152k,image,567,https://www.instagram.com/p/BbuZFqVj3yd/?taken-by=apple,â€œLife streaming.â€ #ShotoniPhone by JosÃ© C. @josecabaco with support from Apple.
204k,na,video,314,https://www.instagram.com/p/BbzaILMjn68/?taken-by=apple,"Community Brief 06: A to B
âœˆï¸ğŸš‚ğŸš—ğŸš²ğŸªâ›·ğŸš ğŸšğŸš¶ğŸ»ğŸš£ğŸ½â€â™€ï¸ğŸ‡ğŸ¿ğŸšŒğŸ›µâ›µï¸ğŸš€
Tag #TheAtoBSeries + #ShotoniPhone 
Weâ€™ll post favorites next week.
Photos & videos welcome.
Music: â€œIntro Orbitaâ€ by @frikstailers"
na,92.6k,image,335,https://www.instagram.com/p/Bb4sDP4jEmr/?taken-by=apple,â€œI was walking through the park one day when I happened upon this woman in yellow sitting amongst a sea of red.â€ #ShotoniPhone by Jesse W. @wildwiles
600k,na,video,911,https://www.instagram.com/p/Bb7q-DZjY5Z/?taken-by=apple,"Collection: Airplanes
Adventures in airplane mode. 
Your in-flight movie, #ShotoniPhone byâ€¦
Joshua A. @joshu4nya, Manuel B. @bornvisual + @manubenegas, Jeremy L. @owatermelongun, Anar M. @anar.mirzazadeh, Yazan S. @v1ews, Fared N. @uniquenassir, Maksym I. @differentmind, Simone R. @simone_rigamonti_videography, Kevin Y. @klvctrnvmbr, Sergio N. @gionasonte, Alex M. @msalexmenz, Michei O. @micheiong, Madison M. @shotbymadi, Robby C. @robbycroft, Frederik H. @hasselkjaer, Rayan H. @artsy_ray, Ashwin V.  @ashwinvijayphotography, Kathy N. @wanderlistic, Maria Y. @mary____yu, Jason H. @jason.hiner, Halle G. @halle924, Cristina B. @cristinablasco_, Rishabh M. @rishabh_malik04, Samantha T. @samrturnage, Katerina R. @katerina_ru55, David C. @panopticonison, Ã“scar G. @oslegutiez, Cheehyuck I. @ihnstaphoto, Evgeniy G. @6886km, Stuart M. @iamstuart, Felix T. @felixbuliks, RÃ³bert R. @robertphotography0, Brett H. @theye77, Yassin Y. @yassinoyassino, Michael H. @mike.0203, Spencer B. @spencerbackman, Stephen L. @leveyangeles, Tomek M. @txmmxc, Yueping Y. @yueping_yee, Amitabh S. @amitabh.photography, Jakob L. @jakoblovescoffee, Jeremiah C. @jeremiahcowan, Roberto C. @vis_comica, Alexandra S. @alexofandra, Andrew W. @andrewbwhite, and Zairi J. @ayee.gaban
Music: â€œBuriedâ€ by @whatsonot x @georgemapleofficial"
na,95.4k,image,487,https://www.instagram.com/p/Bb-Jcdnjgb0/?taken-by=apple,â€œI wanted absolutely no context of it being 2017 in this photo.â€ #ShotoniPhone by Jake M. @jokemichaels
na,194k,image,760,https://www.instagram.com/p/BcF0VRogfL6/?taken-by=apple,"â€œMy favorite view atop Victoria Peak, overlooking the skyscrapers of Hong Kong.â€ #ShotoniPhone by Katie R. @postcardsandpassportstamps"
na,56.6k,image,320,https://www.instagram.com/p/BcKmD6ojeJE/?taken-by=apple,"Showcase 06: #TheAtoBSeries 
Swipe to see favorites from last weekâ€™s Community Brief. #ShotoniPhone -
1. Denis R. @denisssio
-
2. Nasser A. @nasser01
-
3. LukÃ¡Å¡ S. @lukas.silber
-
4. Prince G. @princejyesi
-
5. Charles T. @brooklynrockcity
-
6. Julia N. @julianathanson
-
7. Conner H. @connersphotos
-
8. Koji Y. @comizi
-
9. Harsha P. @harshapj"
na,101k,image,573,https://www.instagram.com/p/BcL4LIuDC--/?taken-by=apple,"""Itâ€™s interesting to see the balance between traditional values and modern lifestyle in the UAE. These craftsmen represent the long traditions and culture of this country."" #ShotoniPhone by Geny B. @genyvb"
na,146k,image,647,https://www.instagram.com/p/BcSdmcAjRG1/?taken-by=apple,â€œThe reason for pushing my Japan trip out to October.â€ #ShotoniPhone by Welia I. @welicious
na,113k,image,342,https://www.instagram.com/p/BcV7NQGD23P/?taken-by=apple,"â€œDown in the cracks of the Earth, water forms these incredible shapes over the course of thousands of years, waiting for you to visit them.â€ #ShotoniPhone by Anson F. @ansonfogel"
na,123k,image,457,https://www.instagram.com/p/BcXm_D1j02Z/?taken-by=apple,â€œMy photography is often trying to anticipate the next scene in a film that Iâ€™ve never seen before.â€ #ShotoniPhone by Romaric L. @romdilon
na,73.5k,image,441,https://www.instagram.com/p/BawQxX9jdhj/?taken-by=apple,"Shot on iPhone X by Christopher A. @christopherandersonphoto
-
With support from Apple."
na,70.7k,image,584,https://www.instagram.com/p/BaxN1jRjTMH/?taken-by=apple,"Shot on iPhone X by Ester V. 
@estergrassvergara
-
With support from Apple."
na,65.5k,image,399,https://www.instagram.com/p/Ba1p4igjww4/?taken-by=apple,â€œPassers-by in the alleys of a small Mediterranean city in Corsica.â€ #ShotoniPhone by Antonia S. @so.asa
na,92.7k,image,698,https://www.instagram.com/p/Ba6xpgADO-A/?taken-by=apple,"â€œI have long been trying to isolate the unique architectural shapes of my adoptive city of San Francisco. Lately, Iâ€™ve begun experimenting with a more colorful evolution of this technique.â€ #ShotoniPhone by Burton R. @misterburton"
259k,na,video,448,https://www.instagram.com/p/Ba_4bOyDTdT/?taken-by=apple,"Community Brief 05: Weightless 
Fall back, float on, and fly away. 
Tag #TheWeightlessSeries + #ShotoniPhone 
Weâ€™ll post favorites next week. 
Photos & videos welcome.
Music: ""Francine"" by Rio Grands @colinjenkinsmusic"
na,76.1k,image,"1,456",https://www.instagram.com/p/BbCa6sWD_xY/?taken-by=apple,"""Since childhood, we as Mexicans are taught to celebrate the return of our dearly departed. On the Day of the Dead, we are happy to know that our loved ones come back every year to be with us.â€ #ShotoniPhone by Greta R. @gretarico
-
With support from Apple.
-
2. Greta R. @gretarico
-
3. Ashley F. @ashleyfrangie
-
4. Ana H. @anahop
-
5. Ana H. @anahop
-
6. Greta R. @gretarico
-
7. Ana H. @anahop
-
8. Ashley F. @ashleyfrangie
-
9. Ana H. @anahop
-
10. Ana H. @anahop
-
Music: ""Debajo â€ªde la Nocheâ€¬â€ by @Centavrvs"
na,97.7k,image,769,https://www.instagram.com/p/BbM1lhUDoQ8/?taken-by=apple,â€œItâ€™s not every day that you see someone hanging outside your window on the 43rd floor.â€ #ShotoniPhone by Win S. @win_soegondo
na,118k,image,"1,023",https://www.instagram.com/p/BbPsCTuD2Ho/?taken-by=apple,"â€œIt was summer, the last days. But I know that even as the weather changes and winter comes, this building will remain bright and colorful. Like summer forever.â€ #ShotoniPhone by Valeria L. @valeria_lapardina"
na,50.4k,image,530,https://www.instagram.com/p/BbSFa4LD-y2/?taken-by=apple,"Showcase 05: #TheWeightlessSeries 
Swipe for favorites from last weekâ€™s Community Brief. #ShotoniPhone
-
1. Showcase Video, in order of appearanceâ€¦ 
Lee P. @_mynameislee, Chris D. @_chrisdriver, AndrÃ©s C. @andresete.geo, Lie Adi D. @adidarmawan, Brian K. @brianmkaiser, Janil G. @janilgada, Andrey S. @40_in, Julia N. @julianathanson, Srinath T. @tummalapalli_srinath, Mert A. @mertalpkocak, Matt L. @mattlouder, and Sean Philip Z. @seanypz
-
2. Kevin C. @geek1956
-
3. Tyler S. @tylerstephens
-
4. Romaric L. @romdilon
-
5. Andrea T. @andreatriani
-
6. Mikhail P. @mpozharitsky
-
7. Brian K. @brianmkaiser
-
8. AndrÃ©s C. @andresete.geo
-
9. John C. @johncarmean
-
10. Andrey S. @40_in"
na,241k,image,"1,461",https://www.instagram.com/p/BbUz6niDr0M/?taken-by=apple,â€œIâ€™m often looking to capture that one singular subject in a busy landscape.â€ #ShotoniPhone by Neal K. @nealkumar
na,86.5k,image,474,https://www.instagram.com/p/BbcZMK8jwOB/?taken-by=apple,"""My friend thought that I was out of my mind when I asked her to do this.â€ #ShotoniPhone by Yangyi V.L. @vivian_fabulous"
na,162k,image,843,https://www.instagram.com/p/BbhloZPDrD9/?taken-by=apple,"â€œI call this one, â€˜A Sweet Kiss from the Swissâ€™.â€ #ShotoniPhone by Pavel D. @danekpavel"
na,66.8k,image,389,https://www.instagram.com/p/BZm_DtPjTQv/?taken-by=apple,"â€œWhen you practice photography long enough, you start foreseeing moments. You begin to work intuitively, feeling certain signals. You see and understand more.â€ #ShotoniPhone by Dmitry M. @dcim.ru"
na,92.4k,image,528,https://www.instagram.com/p/BZryjToDbvi/?taken-by=apple,"â€œYou can show up at a rodeo in south New Jersey or one in Texas and things will be pretty much be the same, other than the cowboys having different accents.â€ #ShotoniPhone by Ryan S. @ryshorosky"
na,73.5k,image,491,https://www.instagram.com/p/BZzjxoND3tM/?taken-by=apple,"â€œIf you look closer, there is beauty everywhere.â€ #ShotoniPhone by Vishal M. @vishalparadigm"
na,102k,image,800,https://www.instagram.com/p/BZ4XW-OD9Kh/?taken-by=apple,"â€œWhether heâ€™s climbing up a tree in the park or balancing on a unicycle in the Hollywood Hills, Jax makes me a happier and healthier person.â€ #ShotoniPhone by Justin R. @btjaxfrisbee"
396k,na,video,568,https://www.instagram.com/p/BZ97j5ijir3/?taken-by=apple,"""Iâ€™ve always been drawn to leading lines and symmetry. When I first got into photography, I figured shooting architecture was a good place to start.â€ #ShotoniPhone by Junwei C. @comewhatjune_"
na,81.6k,image,350,https://www.instagram.com/p/BaFnH5AjoPx/?taken-by=apple,"â€œWhen children are at play, they enter into a reality that adults can never fully appreciate.â€ #ShotoniPhone by Andrew G. @kiwibrit"
264k,na,video,570,https://www.instagram.com/p/BaH6Wh3jsey/?taken-by=apple,"Community Brief 04: Light
Celebrate light in all its forms. 
Tag #TheLightSeries + #ShotoniPhone 
Weâ€™ll post favorites next week. 
Photos & videos welcome. 
Music: â€œMargaret (Facto Remix)"" by @lolomis_music"
na,121k,image,513,https://www.instagram.com/p/BaP8IPMjIXP/?taken-by=apple,â€œNormal people donâ€™t come to these places.â€ #ShotoniPhone by Sindy L. @lxin1983
na,107k,image,702,https://www.instagram.com/p/BaUj90oj62u/?taken-by=apple,"â€œAs a mother of three, I try to create fun experiences with my kids that we all can enjoy. This took 12 bags of microwaved popcorn.â€ #ShotoniPhone by Melisa B. @milisab"
na,90.3k,image,516,https://www.instagram.com/p/BaXvhMbj4yO/?taken-by=apple,"â€œLight will always find its way over darkness.â€ #ShotoniPhone by Mohammed A.N. @mohammedabdulnoor
-
2. Ashish P. @ashishjparmar
-
3. Chandan K. @khannachandan
-
4. Mahaveer P. @mocksterr
-
5. Arati K.R. @aratikumarrao
-
6. Gursimran B. @coffee.karma"
na,50.3k,image,510,https://www.instagram.com/p/BaeeIdjjVwm/?taken-by=apple,"Showcase 04: #TheLightSeries
Swipe for favorites from last weekâ€™s Community Brief. #ShotoniPhone
-
1. Showcase Video, in order of appearance...
Shukhrat G. @shugaphotography, Fatih C. @crazyandbrave, Matt H. @mattharpur.jpg, Carlos P. @titospax, Kohle R. @kohleworld, Yalim V. @vuralyalim, Xose K. @ixose, Aakash P. @click_india99, David M. @davidmtz99, Yalim V. @vuralyalim, Koji Y. @comizi_sometimes, Michail T. @king_kills_queen, Vasco d.S. @vascoafsantos, Ryo S. @ryosenga + Aika E. @chloe_aika, Igor Z. @igorzelenov, Manuel B. @bornvisual + @manubenegas, Jenny Z. @hey.jz
-
2. Vasco D.S. @vascoafsantos
-
3. Yalim V. @vuralyalim
-
4. Fatih C. @crazyandbrave
-
5. Michail T. @king_kills_queen
-
6. Roy P. @roypanphoto
-
7. Manuel B. @bornvisual + @manubenegas
-
8. Yalim V. @vuralyalim
-
9. Jenny Z. @hey.jz"
na,119k,image,746,https://www.instagram.com/p/BamN0zljqB2/?taken-by=apple,"â€œI find that my best photos are those where I literally stop in my tracks to say, â€˜Hey, that would be a great shot!â€™â€ #ShotoniPhone by Altamash J. @aljvd"
na,87.7k,image,419,https://www.instagram.com/p/BYjRi-Aj-r7/?taken-by=apple,"â€œI will do almost anything to get the shot I envision, short of blatantly breaking the law or hurting others. Or myself.â€ #ShotoniPhone by David L. @d.leong"
na,81.9k,image,643,https://www.instagram.com/p/BYpZW8Djb__/?taken-by=apple,â€œI like finding interesting moments in places where most people donâ€™t pay much attention. It helps that I like the color green.â€ #ShotoniPhone by Irina S. @shish0va
na,48.3k,image,297,https://www.instagram.com/p/BYvnr6sDMIs/?taken-by=apple,â€œI love capturing the daily life of the village I live in. So many magical people and places.â€ #ShotoniPhone by Luisa D. @luisadorr
na,37.5k,image,385,https://www.instagram.com/p/BYytgJEjIrZ/?taken-by=apple,"Showcase 02: #TheCitySeries 
Swipe to see favorites from last weekâ€™s Community Brief. #ShotoniPhone
-
1. Leslie H. @blackmobil, Tokyo
-
2. Altamash J. @aljvd, Dubai
-
3. Guosheng L. @guoshengz, Singapore
-
4. Pavel K. @mosbiusdesignshasfailed, Rome
-
5. Den L. @nlement, Kuala Lumpur
-
6. Paolo A. @dodorama, Seoul
-
7. Altamash J. @aljvd, Dubai
-
8. Evelyne S. @eve_hk, Hong Kong
-
9. Harindranath N. @harry_infamos, Chicago
-
10. Diggy D. @digmasterfunk, Amsterdam"
760k,na,video,530,https://www.instagram.com/p/BY1V42Pj-ib/?taken-by=apple,â€œMy favorite thing about photography is that there are no set rules. I do it my way.â€ #ShotoniPhone by Craig S. @timelapsechicago
na,78.9k,image,683,https://www.instagram.com/p/BY33i6yj22d/?taken-by=apple,"â€œThere's always hope at the beginning of a football season. Maybe this is the year. But truthfully, they stink.â€ #ShotoniPhone by Dana N. @dananeibert"
na,139k,image,"4,575",https://www.instagram.com/p/BY846ekjGpy/?taken-by=apple,"Shot on iPhone X by Jason N. @jason_nocito_studio -
With support from Apple."
na,108k,image,"1,353",https://www.instagram.com/p/BZFP3-DDIVR/?taken-by=apple,"Shot on iPhone 8 Plus by Jack D. @jackdavisonphoto
-
With support from Apple."
na,70k,image,"1,008",https://www.instagram.com/p/BZM8r4HDh6A/?taken-by=apple,"Shot on iPhone 8 Plus by Geordie W. @geordiewood
-
With support from Apple."
309k,na,video,893,https://www.instagram.com/p/BZRGQ9iDcrs/?taken-by=apple,"Community Brief 03: Animal
ğŸ¬ğŸ©ğŸ¢ğŸªğŸğŸ–ğŸ¦ƒğŸ‘ğŸ„ğŸ˜ğŸŠğŸ‡
Tag #TheAnimalSeries + #ShotoniPhone 
Weâ€™ll post favorites next week. 
Photos & videos welcome.
Music: ""Ndu Bu Isi"" by The Nkengas"
na,77.7k,image,696,https://www.instagram.com/p/BZbY4odDFCE/?taken-by=apple,â€There are so many creative kids in Jamestown who are unable to follow their dreams because of poverty and lack of education.â€ #ShotoniPhone by Prince G. @princejyesi
na,39.7k,image,435,https://www.instagram.com/p/BZjM96mjDOn/?taken-by=apple,"Showcase 03: #TheAnimalSeries 
Swipe to see favorites from last weekâ€™s Community Brief. #ShotoniPhone
-
1. Chine E. @chineezeks
-
2. Leon T. @abitoftravels
-
3. Antonia A. @so.asa
-
4. Gijs C. @gijsparadijs
-
5. Jane K. @macawronny
-
6. Jeffrey G. @jeffgoodman1
-
7. Cheehyuck I. @ihnstaphoto
-
8. Deion R. @deionureaves
-
9. Laura D.M. @burkla
-
10. Natee A. @kantkant"
na,52.6k,image,481,https://www.instagram.com/p/BXszBFGjUXx/?taken-by=apple,"â€œUltimately, I want my work to evoke good vibes.â€ #ShotoniPhone by Adrienne R. @adrienneraquel"
na,54.8k,image,456,https://www.instagram.com/p/BXy68KdDScH/?taken-by=apple,"""My son is my muse."" #ShotoniPhone by Nicole G. @coco.loren"
na,31.9k,image,395,https://www.instagram.com/p/BX5xaM7DN6e/?taken-by=apple,"Showcase 01: #TheWaterSeriesÂ 
Swipe to see favorites from last weekâ€™s Community Brief.Â #ShotoniPhone
-
2. Karyn T. @reason_to_sing
-
3. Uwa S. @uwa2000
-
4. Matt F. @grain_of_film
-
5. Misha P. @mpozharitsky
-
6. Eva S. @buscando.a.eva
-
7. Kevin C. @geek1956
-
8. Francisca S. @fsonn
-
9. Priyam D. @priyamdatta
-
Showcase Video, in order of appearance...
Massi C. @massi_, Kevin C. @geek1956,Â 
Adam H. @adamchernandez, Fauzan I. @yofauzan,Â Matt F. @grain_of_film, Priyam D. @priyamdatta,Â Adam H. @admhfiz, Eva S. @buscando.a.eva,Â Andrew M. @andrewmelder, Karyn T. @reason_to_sing,Â Nick P. @lordperpis, Thomas P. @thomaspolkphoto,Â Burak Ã‡. @cetinerci, Francisca S. @fsonn, Simon F. @simonfeilder,Â Yannis P. @yannispap, Uwa S. @uwa2000,Â Simone Z. @fszacco & Misha P. @mpozharitsky"
249k,na,video,338,https://www.instagram.com/p/BX_CE8KjJ1M/?taken-by=apple,"â€œIâ€™m fascinated by the ability to stretch or compress time."" #ShotoniPhone by Olivier C. @oli_op"
na,47.2k,image,270,https://www.instagram.com/p/BYE6RPvjvDj/?taken-by=apple,"""Working with a cosmic event as a light source was something I knew I couldn't pass up."" #ShotoniPhone by Brian S. @brianschindler #Eclipse2017
-
2. Luis V. @pet_roach
-
3. Buddy T. @budster3
-
4. Daniel H. @habashi"
399k,na,video,545,https://www.instagram.com/p/BYFL3h4jhiL/?taken-by=apple,"""It was a 360 degree sunset. Everybody started screaming at exactly the same time.â€ #ShotoniPhone by Cameron M. with paid support from Apple @cameronmichael
#Eclipse2017"
308k,na,video,906,https://www.instagram.com/p/BYGxrPtDYjt/?taken-by=apple,"â€œYesterday, the whole country was connected by this one moment."" #ShotoniPhone by Pouya D. @pouyadianat with paid support by Apple, as well as Vincent L. @vincentlaforet, Joe C. @scientifantastic, Tom H. @hauckphoto, Lucas G. @lucasgilman, Mike F. @mikefloresdp, Cameron M. @cameronmichael
-
Also featuring...
Catherine H. @catzpics, Luis V. @pet_roach, Jared L. @jaredkeithlee, Amanda G. @amanda.guitard, AndrÃ©s K. @aka2863, Daniel H. @habashi, Luis M. A. @luis_martin_almeida, Saravanan K. @sarocreatives, Michael R. @michaelreesestudios"
na,58.5k,image,546,https://www.instagram.com/p/BYO3u_gjvvr/?taken-by=apple,â€œI love capturing moments where the human body interacts with nature in interesting ways. This was one of those moments.â€Â #ShotoniPhoneÂ by Annette W.Â @dawa_lhamo
na,31.4k,image,519,https://www.instagram.com/p/BYQuZ5qAzSk/?taken-by=apple,"""My work is an effort to document microorganisms as the complex living creatures they are. Fun fact: These microorganisms are all New Yorkers.â€ #ShotoniPhone by Sally W. @pondlife_pondlife"
na,49.9k,image,384,https://www.instagram.com/p/BYV7kTHj947/?taken-by=apple,"â€œTo me, photography means happiness and connection. And sometimes therapy.â€ #ShotoniPhone by Ahmad A. @aalrais"
na,45.6k,image,383,https://www.instagram.com/p/BYZAcwuj-_h/?taken-by=apple,"""The magic of underwater is unparalleled.â€ #ShotoniPhone by Mandy B. @mandyblake"
225k,na,video,423,https://www.instagram.com/p/BYbH-zVj1tZ/?taken-by=apple,"Community Brief 02: City
Show us your side of the street. 
Tag #TheCitySeries + #ShotoniPhone 
Weâ€™ll post favorites next week. 
Photos & videos welcome.
Music: ""Ya"" by @factory_floor"
na,20k,image,206,https://www.instagram.com/p/BXfgTyjDjCs/?taken-by=apple,"#ShotoniPhone byâ€¦
-
1. Shawn T. @_xst ""I love it when people find out that theyâ€™re in a photo because the reaction is so beautiful. Theyâ€™re like, 'Oh my God! How did you get this and when was it shot? I didnâ€™t even see you!'â€
-
2. Laura I. @lauraiz â€œThe person in all of these photos is my daughter. She is my first kid. Every little clichÃ© about love is what I feel about Joey.â€
-
3. Percy O.A. @fotombo â€œMy poetry and my photography go hand-in-hand.â€
-
4. Danilo L. @danilo â€œIâ€™m attracted to everything experimental.â€
-
5. Laura Z. @laurazazanis â€œI had to tell my neighbors what I was doing, because now that I do this all the time, theyâ€™re gonna think that Iâ€™ve lost my mind, dropping all these crazy things into the pool everyday.â€"
na,28.5k,image,399,https://www.instagram.com/p/BXfgbGHjrZX/?taken-by=apple,"#ShotoniPhone byâ€¦
-
1. Ryan P. @ryanpernofski ""I think itâ€™s normal to have fears of a monster that swims around. But I guess the percentage of getting eaten by a shark is so small. I think if it happens, as long as I get a photo of it, Iâ€™ll be OK.â€
-
2. Caitlin R. & Derek E. @itsmoosethepug â€œWe are really big pug fans.â€
-
3. Reuben W. @itsreuben â€œI just like to have a feeling of discovering something new, even though Iâ€™m not actually discovering something new. Everything has been discovered now.â€
-
4. Noora A. @nooora91 â€œI love the view of a model going forward. It gives me a sense of strength in going forward fearlessly.â€
-
5. Hannah R. @subwayhands ""The subway is a funny place. Youâ€™re on it every day, but always with different people. So thereâ€™s this weird familiarity and also a little bit of guardedness.â€"
na,25.7k,image,348,https://www.instagram.com/p/BXfgiYVjI0e/?taken-by=apple,"#ShotoniPhone byâ€¦
-
1. Maurice H. @bloomandplume â€œIf people like photos of flowers and people like photos of me, why not just put the two together?â€
-
2. RJ P. @rockadeezy â€œThe landing is the hard part. If I really want to be horizontal I land on all fours. Like a cat. But if the groundâ€™s too hot, or itâ€™s hard terrain Iâ€™ll land on my feet.â€
-
3. Jeryl T. @j9ryl â€œJust because Iâ€™m colorblind doesnâ€™t make photography a guessing game. Thereâ€™s always a direction I want to go. A mood I want to create.â€
-
4. Britainy W. @lanadeathray â€œOwls are kinda like the ninjas of the bird world. Like, that mouse never saw it coming.â€
-
5. Koci H. @koci â€œI can walk outside, tap a piece of glass, and suddenly Iâ€™ve captured something. With another tap, I can share it with the entire world. If thatâ€™s not magic, I donâ€™t know what is.â€"
na,40.3k,image,"1,379",https://www.instagram.com/p/BXfgrdPD1j-/?taken-by=apple,"#ShotoniPhone byâ€¦
-
1. Fabien B. @fabienbaron â€œThese photographs are my personal mood board. This is what I see and like.â€
-
2. Jess R. @jessronagrooming â€œIf I could choose only one type of dog to groom for the rest of my life what would it be? Oh my gosh. A poodle!â€
-
3. Josh N. @bellpayphoneproject â€œThis is street furniture thatâ€™s been around for almost a century and it will be gone soon. Gone foreverâ€¦ and Iâ€™ll be telling my grandkids about this nerdy project where I took pictures of phones with a telephone.â€
-
4. Brock D. @brockdavis â€œIâ€™ve created so many things just to make my kids laugh at breakfast time.â€
-
5. Olivier C. @oli_op â€œI am drawn to things that look mundane at first, but then become magical because youâ€™ve changed one factor - the speed at which you see it."""
na,85.2k,image,418,https://www.instagram.com/p/BXk-SlXDpfG/?taken-by=apple,"â€œThe more I travel, the more culturally fluent I become and the more I can empathize. Really what it comes down to is building empathy, with all the cultures and all the people in this world.â€ #ShotoniPhone by Omid S. @omidscheybani"
472k,na,video,415,https://www.instagram.com/p/BXlE68gDBX6/?taken-by=apple,"Community Brief 01: Water
From raindrops to bellyflops, show us some H2O. 
Tag #TheWaterSeries + #ShotoniPhone
We'll post favorites next week. 
Photos & videos welcome. 
Music by Lucho Neves y su Orquesta."
na,105k,image,606,https://www.instagram.com/p/BXlx-rqj42y/?taken-by=apple,â€œIce Cream Ambush.â€ #ShotoniPhone by Joe W. @_joeweir_
308k,na,video,243,https://www.instagram.com/p/BXn2Ke8D57b/?taken-by=apple,"â€œThis kid made me laugh, and he reminded me of how simple a kidâ€™s life can be, when your biggest stress is a runaway hula-hoop.â€ #ShotoniPhone by Emily S. @spiegeltopia"
na,86.8k,image,734,https://www.instagram.com/p/BXoGUfpjQde/?taken-by=apple,â€œWe were honestly a little jealous that our dog could just sit and enjoy the morning as we rushed to go to work.â€ #ShotoniPhone by Amy K. and Joseph H. @miel_the_french
na,84.6k,image,519,https://www.instagram.com/p/BXonWMTDRY7/?taken-by=apple,â€œIâ€™m not really good at words so photography is my way of telling stories. Â It is my language.â€ #ShotoniPhone by Debbie F. @debbiefortes
na,52k,image,380,https://www.instagram.com/p/BXqGkSNDLQO/?taken-by=apple,"â€œYou canâ€™t not smile at a food face, no?â€ #ShotoniPhone by Erin J. @theindigobunting"
na,50.1k,image,311,https://www.instagram.com/p/BXrGEwTDlht/?taken-by=apple,"""Photography is finding an out-of-the-norm moment within everyday normality."" #ShotoniPhone by Akihito N. @abu888"
na,24.8k,image,840,https://www.instagram.com/p/BXffjJqjfpF/?taken-by=apple,"#ShotoniPhone byâ€¦
-
1. Mirabai M. @mirafilm â€œBeekeeping is incredibly addictive. Once you start, itâ€™s very hard to stop. I think Iâ€™ll probably be a beekeeper for the rest of my life.â€
-
2. Jeremy S. @jeremysnell â€œI do show people the photos I take of them. A lot of these people have never really had their picture taken before, so this is really special to them. I think it opens people up in a new way, when they are able to see themselves in an image.â€
-
3. Daniil S. @daniil â€œI want to show the backstage - weâ€™re surrounded by so much beauty that we take for granted. For us itâ€™s so common. We donâ€™t see the beauty anymore.â€
-
4. Marcelo N. @marcelonava â€œI like to walk, exploring a city, knowing every little space within the world.â€
-
5. Dave S. @davesandford â€œAn adrenaline rush? Quite the opposite actually. I find swimming with sharks to be very peaceful.â€"
na,30.4k,image,358,https://www.instagram.com/p/BXffs_QDMVv/?taken-by=apple,"#ShotoniPhone byâ€¦
-
1. Paul O. @pauloctavious â€œIâ€™ve just always been attracted to rainbows. Itâ€™s like magic. But now that I know how rainbows are made, itâ€™s like Iâ€™m performing my own magic.â€
-
2. Tyrone P. @robotfaced â€œIâ€™ve actually found two or three, or letâ€™s say two and a half, species of chameleons that are not officially known to science. You canâ€™t look in a text book or a field guide and find these animals. Thereâ€™s simply not enough known about them.â€
-
3. Jirasak P @joez19 â€œI live in a small town and own a small trucking fleet in Thailand. I am not a professional photographer.â€
-
4. Jenn Z. @thesdcowgirl â€œI feel claustrophobic when I go to the city now. You get so used to being able to see for miles. I call it cowgirl church.â€
-
5. Yais Y. @_yaisyusman_ â€œI call the series The Hanging Collection. It's simply creating an illusion of a person hanging.â€"
na,21.2k,image,216,https://www.instagram.com/p/BXff8xIDdxR/?taken-by=apple,"#ShotoniPhone byâ€¦
-
1. Dawn D. @dawn_denfeld â€œWhen I was diagnosed with degenerative spinal arthritis, I needed to find a hobby that didn't require a lot of walking. Now, I love to capture water drop refractions and reflections on flowers, dandelions, and cobwebs that I gather from my garden.â€
-
2. Chinami M. @1000wave â€œMy grandmother is constantly laughing whenever we shoot photos and I always enjoy seeing her smile. Iâ€™m just a greedy grandchild, hoping to squeeze as many smiles as I can.â€
- 
3. Kevin R. @kevinruss â€œThe sounds at this chapel were unlike any sounds I was hearing anywhere else. So I added sound to the photo just to have people feel what I felt.â€
-
4. John D. @abstractconformity ""As captain of a ship, I go around the world. At times, weâ€™ve gotten voyage instructions from the office and literally had to go get an atlas off the shelf cause weâ€™re like, â€˜Where in the world is this?â€™â€"
na,19.1k,image,162,https://www.instagram.com/p/BXfgEFqDHGN/?taken-by=apple,"#ShotoniPhone byâ€¦
-
1. Kathy R. @kathyryan1 â€œItâ€™s the New York Times building, in the middle of Times Square. Itâ€™s not an ordinary building, but itâ€™s one building and honestly it could keep me occupied for life.â€
-
2. Gregg B. @greggboydston â€œI work for the United States Forest Service on the Hotshot Crew. We go to wildfires and help put them out.â€
-
3. Michael Z. @symmetrybreakfast â€œSince 2013, I have been making breakfast for my husband every day.â€
-
4. Khasar S. @inomad â€œIâ€™m lucky that what Mongolia offers, even in the 21st Century, are people and cultures that still pass on centuries of tradition to future generations.â€"
688k,na,video,980,https://www.instagram.com/p/BXfgJ9yDufX/?taken-by=apple,"A look through the lens of iPhone users around the world. Tag #ShotoniPhone to take part.
-
Words and images by @koci, @itsreuben, @danilo, @_xst, @subwayhands, @marcelonava, @brockdavis, @lanadeathray, @thesdcowgirl, @inomad, @_yaisyusman_, @dawn_denfeld, @pauloctavious, @jeremysnell, @laurazazanis, @ryanpernofski, @abstractconformity, @mirafilm, @joez19, @daniil, @oli_op, @fotombo, @j9ryl, @tertiusalio, @maggiefortsonphoto, @trevorpaulhus, @rodrigomartinezfotos, @louiegraphy, @vmiura, @lfleischer, @vasjenkatro, @stevenxuex, @ianteraoka, @easonhsiung, @omidscheybani, @tamon_, @jaywilliamsphotography, @holephoto, @bigheadtaco, @mamacaxx, @aconica, @joshuakissi"
